0:00,We got two patches from two of the biggest artists in the game chat your boy Drake and your boy Yeezy chat
0:07,So this said this said Yeezy on it and I literally thought it was a troll
0:15,So I opened it a little bit and the first thing that I seen was Vultures and I was like holy shit
0:22,This is real
0:24,What the chat you feel what I'm saying? So we buy the embossed and see
0:34,So we go see this is like this is like this don't even make no sense bro like like what the
0:39,"Okay, first things first is we got"
0:42,For M-O-M-T-H-S
0:46,Wait a Vulture shirt
0:49,Okay
0:51,"Okay, okay"
0:53,Dumb Vulture shirt
0:55,I
0:57,Got another Vulture shirt. Holy
1:01,What the
1:04,What is this
1:06,Vulture sweatpants
1:08,Which can't hype twitch can't make which can't I know which can't hype
1:18,Haha
1:20,Mjody sweatpants or you want
1:23,But we gotta make this
1:26,Yeah
1:28,This is not fit in me
1:32,Yeah
1:39,Yes
1:43,But it's not fitting me bro
1:45,Oh
1:47,"Oh my god, it's shit fitting fan on bra. Oh, yeah, you put the center extra small"
1:53,But I was supposed to send a small day go another extra extra large
1:58,The most supposed to do with this
2:07,"Yo, please anybody I don't even think yay set me this directly anybody on the easy team. Just please send me a small"
2:14,Please
2:16,"Damn it, bro. Holy"
2:19,"Wait, what is this?"
2:21,"Pots. Oh, it is air pods game. These are not air pods game"
2:26,W-W-W-W-W
2:30,"Wait, what are these"
2:39,"Wait, what? Wait, so there's shoes something they're like shoe socks"
2:44,"Wait, wait, are these just be walking around in there?"
2:50,Don't even be walking around in me
2:54,"Oh my gosh, wait, you supposed to put them over the socks?"
2:59,No
3:01,"No, you don't have to"
3:14,Oh
3:44,You
3:49,"It's kind of like I think after a certain point of time, bro. These might start hurting my feet"
3:56,No cat
4:04,"All right, this would be cool. I think it's pretty good. Yay. I G"
4:10,You're cooked
4:12,Don't tell me he cooked me
4:14,He cooked me
4:23,Oh
4:25,"My god, what the"
4:31,Don't make no jokes about my clothes
4:35,Where you ain't saying nothing about what Adidas is doing
4:40,We've all just all came out you ain't playing my verse
4:45,You're controlled don't play with me
4:57,What the fuck that I don't
5:03,The fuck that I do
5:06,You ain't play my verse
5:10,"What the fuck did I do, man"
5:18,"Don't make no jokes, what jokes that I make my"
5:26,God
5:28,"Bro, what the fuck did I do bro apologize for what bro, but I got our apologize for"
5:37,Confused is shit right now. Huh wait what did I play with vultures?
5:43,"Wait, I got to break this shit down"
5:45,Don't make no jokes about my clothes when you ain't saying nothing about what Adidas is doing
5:54,When vulture song came out you ain't play my verse
5:57,I
6:08,Just caught the craziest tray of my life
6:16,I just think as my outro they say you need mad at this
6:27,Oh
6:58,I
7:06,Stand with you just letting you know you see this is my man's right here. Look. This is what we do to my man's bro
7:12,"He's done. He's out of here. David. He fought under pressure. So easy. Get that nigga dick out your mouth, bro"
7:16,"Holy shit. Get the fuck out of here, bro. Yo, bro. Yo"
7:23,"Yes, he wants to be my man's bro. This is serious. I'm your man"
7:27,But don't be
7:30,Defend me come downstairs
7:33,Why are you so scared
7:39,No
7:44,Yeah
7:58,"Yeah, GG's bro, holy bro, no, no, no, no, no, no, you got to understand chat. We have power to bro. No, I don't know"
8:05,"No, I'm telling my mom that"
8:08,Bro like what
8:17,My mom
8:20,You gotta help me my dad
8:23,Can't you just curse me out
8:27,"Yes, bro"
8:30,"No, no, no, no, no, he cursed me out though"
8:35,"Look what he said, bro"
8:45,I'm about to show you my
8:48,"Okay, because I like north west that's what I'm saying. I don't mean I thought I thought I was cool, too"
9:06,"No, I know I like Kanye I like Kanye he my outro falling dreaming talking that's my outro"
9:18,"Okay, look, bro"
9:22,Bro my
9:24,"T. Up, bro, it's us against the world right now"
9:28,"Bro, he said"
9:31,"Bro, cuz okay, so he sent me some he sent me some um some clothes, right"
9:38,"But it was too big so I was like the pants is too big, right?"
9:43,Right
9:44,Then he said don't make no jokes about my clothes when you ain't saying nothing about what Adidas is doing when Vulture saw
9:52,Came out you ain't play my verse you controlled don't play with me
9:59,You the only person I'd be saying don't play with me to me so like hearing that from somebody else is crazy
10:05,"No, my so look I unboxed it right I unboxed the clothes my"
10:16,"My you gotta follow me my you have to follow me, okay? It's a follow me. I unboxed the clothes. Okay. I"
10:24,Tried it on it didn't fit it was too big
10:34,Because maybe it could be a small but the style
10:38,There's no side there's no sides on here
10:40,It's a phantom
10:42,It's a phantom
10:47,Nah
10:52,Don't make no jokes about my clothes when you ain't saying nothing about what Adidas is doing where Vulture song came out
10:58,"You ain't even claim my wait. I gotta wait. Okay, so here's the thing. Hey wait my hold on my"
11:05,I go talk
11:07,We gotta figure this out
11:21,Bro I don't even follow Kanye
11:25,No
11:34,What
11:36,What
11:39,About what
11:44,I think he was a good I think it was a cool
11:48,That's what I'm saying or his team
11:55,"Now bro, he tried my"
11:58,But look here's a thing though. I didn't do nothing wrong though. I'm not gonna love bro. I didn't do nothing wrong
12:04,You
12:06,"Bro, he said when Vulture song came out you didn't play my verse. Okay, so that's look that's the main key when Vulture song came out"
12:15,Quote on quote. I didn't play his verse
12:19,So I don't
12:26,I said what the
12:34,No
12:39,Oh
12:46,"No, but the thing is I feel like I didn't do nothing wrong. I gotta step it was right too. I'm a man"
12:54,I wore the pants the pants couldn't fit
12:56,It
13:00,"My come on my you losing me, bro. Now you lose me lose me lose me lose me"
13:27,"They already said they were sending me another pay, but it's high, bro. My eye"
13:33,What
13:37,My fault. It's just a lot of shit going on right now
13:41,"My my fault for the cursing sorry. Thank you. Yeah, welcome back. Thank you. I just came from the motherland. Thank you"
13:54,Um
13:57,"I do you I can't even talk about I gotta I gotta focus up. I can't even talk about my fault. I'mma talk to you. Yeah, huh?"
14:05,"Mom, I'mma talk to you later. Ma"
14:27,You know
14:39,"No, okay. Bye, ma. I love you. Bye"
14:45,Shit
14:48,Uh
14:56,"Now, this is some serious business now. We have to figure out what's going on, right?"
14:59,"This is some serious business, bro. It's a serious, bro"
15:08,I think he's mad try to get out in place record call him on IG. I'm a column. I'm a column
15:14,"I'm a column on IG, bro. I'm just calling, bro"
15:21,I'm a column. I'm a column. I'm a column. It's not it's not gonna go through though. It's not gonna go through. It's not gonna go through
15:31,"It's not gonna go through, bro"
15:33,Oh
15:40,"Wait, why do you get so mad? Wait, I don't understand. It's not adding"
15:47,"They didn't go through, bro"
15:54,I don't know
15:57,"Well, um, yeah, bro"
16:00,Oh
16:19,"Wait, was that right? No, let me see what the fuck he's talking about, bro, cuz"
16:30,"What is this not fit me, can't you much ripping?"
16:47,I'll put him into the tightest one. Hold on
17:00,You
17:03,You
17:24,GJ
17:27,GJ
17:29,I said what the fuck I do he sent this
17:38,Guys and that said yay sent him the wrong size
17:48,"Yeah, bro, it's a bro. I think he's like bro. Okay, first of all"
17:54,Is he actually watching?
17:56,Brother you gotta you gotta always set it up like that
17:59,brother
18:03,brother
18:07,I literally I literally couldn't I literally couldn't
18:18,Couldn't fit the sweats
18:21,The
18:24,Pod socks
18:26,Fire is fuck no
18:32,Would you like
18:35,To hop
18:38,You
18:50,The sweats
18:52,Fit
18:56,The sweats didn't fit
19:01,Did it fit
19:07,The sweats didn't fit
19:12,The sweats didn't fit
19:14,Back down number what
19:16,I definitely reacted to vultures. What is he talking about let me say that let me add that in chat. I should add that in
19:27,Your verse by a way
19:32,Oh
19:37,I
19:45,It is a random phone call
19:49,"Wait, it's a random phone number call me right now. What the fuck"
20:00,Why was there a random number call me right now
20:02,He
20:05,He takes back he takes back he takes back he takes back he takes back he takes back he takes back he takes back he takes back
20:10,He takes back. I can't he takes back. He takes back
20:12,I ain't hopping on no calls you ain't saying nothing about Adidas
20:16,But you making jokes about my after these people try to destroy and and I'm pulling up out the
20:21,nobody
20:25,I think I'm checks over strikes. It's over you talking about
20:29,What
20:32,I'm checks over strikes from so nice
20:40,You ain't saying nothing about Adidas like oh gosh
20:43,But you making jokes about my after these people try to destroy it was no joke. There was no joke
20:56,"Hey, no"
20:59,You
21:01,"It's good. I like this conversation. Yeah, I think he likes my vulgarness. You know that. Yeah, I think he likes my vault"
21:06,I think he likes my fight back like
21:16,She
21:22,I hear you man. I hear you
21:25,bro
21:27,No
21:29,Oh my gosh
21:32,"Yo, I didn't mean to send I didn't just mean to oh my god, okay"
21:41,I hear you I wanna text in his phone. How do I do that?
21:46,How do I go under how do I go under I hear you bro
21:52,But ain't no jokes was being said talk to me. God
21:58,When I first
22:00,opened up that package
22:04,I showed love
22:06,instantly
22:10,All I did was try
22:13,All I did was try on the sweats
22:18,And it didn't fit
22:22,No jokes made
22:26,It just it just it just it just fell I
22:28,"Was spec what with I was spec no, no, no, no, is that is that is that folding is that folding?"
22:34,Mommy folding that might be folding that might be folding. I might be folding. There we go
22:41,"I hear you bro, but ain't no jokes being made"
22:44,Being said when I first opened up the package I showed love instantly all I all I did was try on the sweats
22:49,And it didn't fit no jokes made I immediately asked for a new pair
22:54,Look at that sit bro
22:55,"That's good right there chat you gotta tell him you got to understand, bro"
22:58,"And I want you to learn something, bro"
23:01,Okay
23:03,And as a pioneer with this streaming as a as somebody who pioneers of the streaming and is one of the biggest
23:08,"I also have to stand on business, okay?"
23:10,I want you out and this goes for it with 80 and it goes for me it goes for whoever that that that that streams
23:15,It has a lot of motion right now. I want you guys to understand something bro
23:20,We are massive as well
23:22,"Okay, oh he's seen it. He's in the message. Oh"
23:26,"Yeah, it's massive. Don't give me wrong"
23:29,"Yeah, it's massive, but we also got motion too, bro. That's fire"
23:34,"I'm not sure that's fire, but he probably likes when like he just probably just having a conversation, bro"
23:40,I got a couple back. That's it. He replied he replied
23:44,"So you ain't doing nothing wrong, so I felt this way for no reason"
24:01:00,What the hell
24:04:00,Yes
24:06:00,100%
24:08:00,"No, hey"
24:11:00,bro just
24:18:00,That would have been the greatest yo that would have been the greatest well all first dream ever
24:22:00,Holy
24:24:00,Your chat that would have been the greatest ever bro
24:28:00,"Oh my god, that would have been the greatest ever bro. Holy shit"
24:31:00,That would have been the greatest you gotta understand I'm marketing genius to chat. I'm a marketing genius to chat
24:36:00,I want to ask him right why not fuck you. Let's stream
24:50:00,Oh my god. Oh my god. Fuck you nigga. You was you was told to diss my shit. You were upon
24:58:00,What the fuck told me shit?
25:01:00,"This is not real life, bro. Are you is he that ass?"
25:06:00,You
25:10:00,Like what do you want me to do?
25:14:00,Ah
25:17:00,"Oh my gosh, bro"
25:25:00,"Hey, go back your fuck boy. I'm yo listen me. Yeah, I'm a crack head, bro. I'm a little bro"
25:36:00,Hey
25:38:00,"Hey, what do you what do you want me to do? What do you want me to do, yeah"
25:45:00,I'm posted it right back check
25:48:00,Right back
25:51:00,I like this guy man
25:54:00,"Hey, I like this guy dude. I love hey"
25:57:00,"This guy's a funny dude though. Hey, he's a funny fucking dude. Hey, my he's calling me. He's calling me"
26:06:00,Uh
26:10:00,Hello
26:16:00,"How you doing? I'm doing good. How you doing, sir"
26:22:00,"Yeah, I can speak"
26:36:00,We could find a peaceful resolution
26:41:00,"Yeah, I'm I'm I'm I'm I'm based me just"
26:46:00,Because as a people I believe
26:48:00,"Where the bomb looks like this man up stronger together. You know, I'm saying so what I think I think if we respect one another"
26:56:00,And take the time to communicate
27:00:00,From a mature perspective
27:02:00,We can find that we're better when we're aligned
27:06:00,And we're not aligned
27:08:00,That's when things can go left and I want to keep things center
27:12:00,And I appreciate you for taking the time and considering these words
27:19:00,"All right, um, I understand that right"
27:21:00,What do you say what my understand that my understand that but you have to understand why the man
27:26:00,I come so crazy to me for the first place
27:29:00,Missed a pants don't fit the pants don't fit
27:33:00,You said why
27:35:00,What am I for my pants on just came out. I'm just saying like my um
27:40:00,You feeling like I could I could whatever he want to do we could resolve it. I don't care
27:45:00,"Um, just due to the fact that like I was I had no disrespect you feel me and I just feel like"
27:50:00,"Um, wait we was going back and forth on was a little was a little crazy"
27:55:00,Yeah
27:57:00,"Yeah, so so so um you don't um how can I how how can you go out moving forward with this"
28:04:00,"Um, I think we just need to develop a relationship"
28:07:00,"You know, I'm saying this is my first time meeting you it's my first time speaking team"
28:11:00,What city are you from sir?
28:13:00,I'm from the Bronx
28:18:00,241st that's down the block from my block
28:20:00,"Yeah, so so so you should so you should know we don't go for no bullshit"
28:24:00,You said what so you should know that we shouldn't go for no bullshit no disrespect
28:30:00,"Yeah, yeah, I lived in New York for seven years"
28:36:00,"Okay, and I live there all my life"
28:39:00,Okay
28:42:00,You know what
28:44:00,What that mean
28:47:00,Like you don't know what Chris Lade is not gay
28:51:00,You've never heard a violator records violator management
28:55:00,Now I was I was born in 2001
28:58:00,"Oh wow, yeah"
29:01:00,"Now but yeah, you saw you see you see very polite I respect you first of all for even calling my phone"
29:05:00,"Um, um, and reaching out it takes a lot you feel what I'm saying and"
29:11:00,I'm just what whatever energy that's coming out to me
29:13:00,I'll I'll happily just you know display it back. I just don't I just want us to be you know
29:18:00,"It's it's better for us to be together, you know then apart. So"
29:21:00,"So um, yeah"
29:24:00,Just let just let you know I said that um
29:27:00,"Yeah, just let them know what I said and it'll however you want to move forward we can move forward with it, you know"
29:33:00,"Wait, wait, wait, wait, where he at though"
29:37:00,We in LA but I'll be in New York all the time. I could actually be in New York tomorrow if we need to link up
29:43:00,You trying to back door me
29:54:00,Like let me try to like why you want to link up so fast like I thought we just building the
30:02:00,Okay
30:04:00,"I move mad slow, so we're going to have to get to know each other first you are"
30:08:00,"Okay, that's cool. Yeah, I'm not all right now. All right, I'll just decide. Don't"
30:13:00,Appreciate you. This is my number. You could lock me in
30:16:00,"Um, sir you like me and my first name is just let just let me monopoly. Okay, just let just let um"
30:24:00,"Yeah, just let gay no, I feel like it was a misunderstanding me personally. Yeah"
30:29:00,"Um, and we just you know, we just move forward from there. Just let me just update me you heard"
30:34:00,"I did back thank you, sir. All right, bro"
30:38:00,Let me search up who the fuck John Monopoly is
31:03:00,There's measure
31:06:00,Not yet chat say energy you feel me chat
31:11:00,How'd I do
0:00,"Alright, okay."
0:00,"Hey, it's me the chat!"
0:01,Who plus already?
0:02,"Hey, I'm ready!"
0:03,"Ciao, are you looking good?"
0:05,"Well, we need to find Obsidian though."
0:07,"It's not Obsidian, it's Obsidian!"
0:10,Yeah.
0:11,My coordinates are five two nine three one three eat one of four four nine five three one three two eight three
0:24,"If you don't get your dirty black off my bed right now, bro if you don't get yo"
0:32,Don't get the fuck out my bed. I built it. I built this
0:37,"No, don't pass my"
0:42,Oh touch me
0:48,All right
0:50,What the f**k is wrong with you?
1:00,What the f**k is wrong with you?
1:06,"Wait, speed is probably morning."
1:08,Speed is morning.
1:09,Is this morning?
1:10,"Oh, yes."
1:11,"Oh, here we go."
1:12,No.
1:13,Hey.
1:14,What?
1:15,"No, too."
1:16,No!
1:17,Where the f**k are you?
1:19,"Kill you dumb, p****, f**king vi**"
1:23,You git f**k the hurry up.
1:25,Is you doing it?
1:31,Here we go.
1:32,We come here.
1:34,Move.
1:35,Move.
1:45,I knew it was coming.
1:47,I
1:50,"Wanted everything that was your phone. I want everything. Yes, you started digging"
1:56,What did you dig for what the fuck you did that was your phone
2:05,"All right, oh damn it. I found them. I'm gonna put them. I'll fuck them. I'll fuck them. Yeah, oh my life"
2:11,"Oh my god. Oh my chat. Oh my life. I just found diamond. Oh my life. I just found diamond. Oh my life. I just found them. Yes, oh my life. I just found diamond"
2:26,Okay speed where are you I'm like boss bar on two
2:42,I
2:47,"Bro, I made a"
2:50,"That shield didn't do bro. Yo bro, how do I get my health back up? How do I get my health back up? You have to eat as I'm asking you"
2:58,"Are you hungry? Oh, yeah, you're my you're my you're my you're"
3:01,"Oh, break up. It was come back up. It was cold"
3:11,Oh
3:18,I can't
3:27,"What is your problem what is your problem, bro? What the fuck is your problem, bro?"
3:41,Stink together
3:49,What's your dog
3:52,I got all the food that we need
3:56,"All right, I'll try to come over to now fail bro. I"
4:00,"Fail, I'm sorry"
4:02,What
4:11,It got dig up dig up dig up dig up dig up
4:17,What did i tell this young what did I tell them chap?
4:22,We did I told them
4:27,What did I tell these young
4:30,What did I tell them bro? Oh my
4:41,I'm going to have to go to the other side to see if I'm going to be able to get out of here.
5:01,I'm going to have to go to the other side to see if I'm going to be able to get out of here.
5:09,"You can't do that, bro."
5:16,"Can you say something, bro? That was four hours."
5:20,"Work of us had. We never had that much loot, bro."
5:24,And you just completely did not acknowledge all the work we just went through.
5:30,You got to some f***ing zombie.
5:33,Get tried. I'm too...
5:34,"Tom, Tommy..."
5:35,You done to some zombie in a
5:39,Why did you just kill it? You got on her you probably was
5:53,Oh my god
5:57,Who's the waterfall I just don't know I don't jump out the waterfall speed
6:02,I do that I go in go out go in go out beat
6:15,Where you at? Oh
6:18,Cut fire I
6:20,"Fall iron trip. Oh, is this diamond? Wait, is that diamond? That's not damn it"
6:28,Cut where you at
6:31,I'm done in the cave down in the cave. Yeah
6:41,"No, no"
7:00,Doing oh
7:27,"Wait, why they do dog first"
7:31,"Why do you say you don't first? No, I did it. I just thought you just died"
7:41,"Wait, you was dead the whole time"
8:00,"He's got it. It was bad. Yeah, but he's like no"
8:14,What are you doing I'm in the game
8:16,"Oh, I'm sorry, but I'm sorry. I thought it was you died whole time"
8:28,There's no way they will beat the game. It's impossible. That's crazy
8:38,Well butter my biscuit god damn it cuz what the fuck was that?
8:47,"Bro, we might never beat this bro"
8:51,What the fuck? We got some
8:55,Minecraft inspired
8:58,Then bring it man cold watermelon and a whole
9:04,History checking. Oh my gosh. Then bring your
9:09,Oh
9:11,My gosh
9:16,"No, Kai, no, Kai, give me peace. Come here"
9:23,"Hey, no, don't"
9:28,"We got some cold watermelon nice and fresh, and we got a whole"
9:34,History checking for you too. I love you my brand. Thank you. Oh my god
9:41,Oh
9:44,If you don't walk in front of me like that
9:47,"Be careful. See no big come back out. Come back out. Oh, come back out"
9:53,Are you good?
9:55,E E E E E. Oh my god. My name was this one shot. I would just one shot bro
10:00,And we can mine gold right here like to the hell
10:04,That's not gold
10:06,"Engage we can check is that gold, but we can mine it to go"
10:12,Jesus
10:14,"No, no, no, no, no, don't take it. Oh my god. I'm gonna die. Oh my god. Oh my god. Oh my god"
10:21,Oh my god. Oh my god. Oh my god
10:24,I'm gonna die
10:28,Come over come over come over
10:30,Chill do not die. I found it. I found it. I found it. I found it. Oh god
10:42,Hey
10:45,Man
10:47,"Imagine we do all this and die at the end, bro"
10:51,Imagine that car
10:53,Imagine we do all of this 13 hours and we die at the end
10:57,We enjoy one another's company and
11:01,What we've done for one another
11:03,And do you just name it break?
11:05,"Hey man. Hey man. Let's go, Kyle"
11:08,And five four three two one
11:13,"Okay, let's go. Lock it. Lock it. Lock it. Lock it. Lock it."
11:18,What are you? Wait. Wait. Wait. Wait. Wait. Wait. What the fuck is this?
11:26,Can I come up? Can I go up? Can I go up? Come up. Come up. Come up. Come up. Come up. Oh my god.
11:34,Okay
11:34,You die? You die. You speak to me. just speak to you. Just speak to you. Just just speak to you. Just speak to you. excuses
11:48,Okay go like that. No
11:52,Here you at
11:57,no we don't get drunk
11:59,no we didn't
12:00,I think I'm gonna...
12:12,We are f*****
12:15,This is over guys
12:18,It's like a star team
12:20,hours to get where the f**k we was just at bro
12:23,You ready to get in?
12:25,Such a...
12:27,Go in!
12:40,There's somebody
12:42,Who was this?
12:44,Who was I f*****?
12:45,Who was this?
12:46,Thank you
12:50,I'm going to f*****
12:51,I'm going to f*****
12:53,I just want to
12:55,I'm going to f*****
13:05,I'm not doing it
13:07,I'm not doing it
13:08,I hit a charge at all
13:10,"Hey, hey, hey, hey, hey, hey"
13:12,"Whoa, whoa, whoa"
13:14,This is how I...
13:15,"Whoa, whoa, whoa, whoa, whoa"
13:18,"Whoa, whoa, whoa, whoa"
13:20,This is how I take...
13:21,Not it!
13:22,I'm gonna build
13:23,I'll build it in the covers
13:25,I'm going to build it in the covers
13:35,"Yo, dude, yo, come on"
13:37,It's divided for a reason
13:39,You trying to keep me up
13:41,"Boom, that act, stop bro"
13:54,I'm gonna build it in the covers
13:56,I'm gonna build it in the covers
13:58,"Come on, bro"
14:00,Have some f*****
14:01,"Respect, dude"
14:03,I can't watch anime
14:04,Have some f***
14:06,"Respect, I can't watch anime for a f*****"
14:08,F*****
14:09,You want to watch anime?
14:11,You don't think I want to watch some porn?
14:24,I wanna watch anime
14:27,I wanna watch anime
14:29,I wanna watch anime
14:31,I wanna watch anime
14:33,I wanna watch anime
14:35,I wanna watch anime
14:37,My name is B
14:39,You didn't win with anything like that
14:41,Or a f*****
14:42,You didn't win
14:44,You didn't win
14:46,What do you think?
14:47,It ain't a wall piece
14:48,That I wanna watch
14:50,You
14:52,"You've been nailed, dude"
14:57,"That was a mess, bro"
14:59,Let me be like
15:03,"But, relax"
15:06,Call recording
15:07,"Yeah, wait"
15:10,I get to wipe your underwater
15:11,Listen
15:15,"Bum,um, boom"
15:17,Wipe it on the arm
15:19,"I don't think I ever never ever smoked you, I've never smoked like that a day in my life."
15:41,What the?
15:43,I'm lagging.
15:48,Where did my sword go?
15:52,Oh my god.
15:55,Oh my god.
15:59,Oh my god.
16:01,All my loot down the drain.
16:06,I'm dead.
16:08,Yes.
16:09,I'm dead.
16:10,You died?
16:11,Yes.
16:15,Dead us?
16:17,Yes.
16:20,"God, I don't think I want to do this anymore."
16:24,Think of what?
16:29,Oh my god.
16:35,Oh my god.
16:41,Oh my god.
16:46,Oh my god.
16:55,Why is he so slow?
17:02,"Oh my goodness, I'm so tired."
17:13,"I'm so tired, I'm so tired."
17:35,I'm so tired.
17:50,I hate these things bro.
17:59,"I'm so tired, I hate these things bro."
18:06,"I'm so tired, I hate these things bro."
18:14,I hate these things bro.
18:52,I hate these things bro.
18:59,I hate these things bro.
19:02,I hate these things bro.
19:10,I hate these things bro.
19:17,I hate these things bro.
19:21,I hate these things bro.
19:28,I hate these things bro.
19:35,I hate these things bro.
19:42,I hate these things bro.
19:48,Dugout like what is right even like like what is he even doing like look at this
19:54,What is that like what is he hanging out with what is he on the guard doesn't even look to our knees anymore
20:02,Who is this thing and it looks black God that's what you did man. It's what you did man. You created that
20:11,You created
20:18,"No, no, no, no, no, no, no, no, no, no, no, no, no, no, no, no, I'm getting hit from the behind don't die don't die don't die"
20:31,Where am I getting hit?
20:34,No way that
20:36,No
20:49,No
20:59,No bro
21:02,What the fuck
21:04,Where am I getting hit?
21:07,"No, no, no"
21:11,No bro
21:14,No way man
21:16,Don't
21:21,I was six hours
21:25,"Six hours, but I was six hours"
21:29,You can't do that to me
21:33,I was six
21:35,I was a more
21:38,Six
21:41,Oh my god
21:47,Sorry
21:56,Sorry
22:00,"I thought it was four blocks, okay, that's my fault. I thought it was the four. I tried to do the four block method"
22:08,"I guess it didn't work. I'm sick of this little zombie, bro. These little"
22:13,Last bro
22:15,Bro stop
22:17,I got no weapon. I got no weapon
22:21,"No, no, no, no, no, no way"
22:23,"No, no, no stop"
22:24,"Oh no, no, no, no, no, I'm going to run my bottom get this little"
22:28,"Scwarr, get this"
22:29,He's burning
22:31,You want to keep running he's pasta
22:36,Nothing
22:38,"No, wait, bro."
22:48,"Tell you, Chad, he's got to wait."
22:56,That's not what the rush just wait.
23:00,"Get out, get out."
23:01,Don't die.
23:02,"Don't die, Todd."
23:03,"Todd, Todd."
23:04,Todd.
23:05,No.
23:06,"I'm done, bro."
23:09,"I'm done, bro."
23:10,"I'm done, bro."
23:12,"I'm done, bro."
23:13,I thought I had it.
23:14,I thought I had something going on.
23:16,I should be around here.
23:19,What?
23:25,"Oh God, that was my fault, bro."
23:26,"Oh God, that was my fault, bro."
23:28,"Oh God, that was my fault."
23:29,You see?
23:30,"You see, bro?"
23:31,You see?
23:32,"Oh God, that was my fault, bro."
23:34,"Boom, God, bro."
23:35,"On God, bro."
23:36,"On God, bro."
23:37,"On God, bro."
23:38,On God.
23:39,"On God, bro."
23:46,"I gotta do one more time, bro."
23:48,"One more time, bro."
23:49,Don't eat them.
23:51,"Yeah, you eat them."
23:53,You.
23:54,You got me.
23:55,"I gotta, I gotta."
23:57,You got me.
23:58,Come.
23:59,You got me.
24:00:00,Come.
24:01:00,You got me.
24:02:00,Oh.
24:03:00,You got me.
24:04:00,Don't think I want to play.
24:05:00,Oh fuck.
24:06:00,Again.
24:07:00,After you.
24:08:00,Play me three.
24:09:00,Tom.
24:10:00,You.
24:11:00,God.
24:12:00,Me.
24:13:00,The all way.
24:14:00,The fuck up.
24:15:00,You got me.
24:16:00,The fuck up.
24:17:00,You got me.
24:18:00,The fuck up.
24:19:00,"I hear you, bro."
24:20:00,That.
24:21:00,We going to sleep.
24:22:00,You talking about.
24:23:00,We going to sleep.
24:24:00,"Shut the fuck up, bro."
24:26:00,Kiss me the fuck up.
24:28:00,"Damn, bro."
24:29:00,Yes.
24:30:00,I've been up for 31 hours and I've been yelling because of your-
25:30:00,You got this.
25:31:00,And tie.
25:32:00,Fuck it around.
25:33:00,What happened yesterday?
25:35:00,You don't think it closed to you.
25:37:00,No!
25:38:00,Get the fuck up.
25:39:00,I just don't have one star and 99 fans.
25:40:00,I wear a number set.
25:41:00,What did you think of Evan Burden's meat reveal?
25:42:00,"Oh, hey."
25:43:00,Fuck my sleep is nice to ask.
25:44:00,"Bro, you."
25:45:00,"Yeah, I know what Tom it is."
25:47:00,It's time.
25:48:00,I know what it is.
25:49:00,You got me.
25:50:00,I know what it is.
25:51:00,I know what it is.
25:52:00,I know what it is.
25:53:00,You got me.
25:54:00,You got me.
25:55:00,Fuck it around.
25:56:00,You got me.
25:57:00,You got me.
25:58:00,You got me.
25:59:00,is time to break kawaii.
26:29:00,Speak.
26:39:00,Hey.
26:45:00,Hey!
26:51:00,"Hey, hey, hey!"
27:21:00,Oh
27:23:00,Ah
27:26:00,Oh
27:31:00,Oh
27:33:00,Oh
27:35:00,Oh
27:37:00,Oh
27:39:00,Oh
27:41:00,Oh
27:43:00,Oh
27:45:00,Holy fuck
27:47:00,Holy fuck
27:49:00,"I'm out of the bed to sleep out there, okay?"
28:12:00,Hey!
28:14:00,"This red job, no, no, no, Kai, Kai, Kai, what do you, oh my god, don't tell me that."
28:43:00,I'll be in the room.
28:53:00,"You serious, bro? Come on, bro."
29:00:00,"Come on, bro. What would you do that?"
29:04:00,Why would you do that? Why would you do that?
29:10:00,"Why would you do that, bro?"
29:16:00,Why would you do it?
29:24:00,Why? Why?
29:32:00,There was no reason. No reason.
29:38:00,"Why? Come on, bro."
29:45:00,"Come on, bro."
29:48:00,What the f**k is wrong with this dumbass what would I do is with you oh my god
30:17:00,Oh my oh my I'm horny I'm horny I'm horny I'm horny I'm oh my god oh my god
30:30:00,This diamond is all up in my a bro. Oh my god. He's diamonds
30:49:00,It's all right. It's okay. It started up a new start up a new one. It's not a
30:54:00,"a better one. It's not a better one. It's alright, it's alright. It's a better one bro"
31:08:00,I just got one tattooed by baby
31:10:00,Zombie
31:12:00,"Yo, come on bro. If you guys"
31:18:00,His voice is right now everybody
31:21:00,"Fuck up right now. Look. Yes, everybody listen. Yes. Yes. Everybody just sum up. Yes"
31:30:00,Everybody's up right now
31:38:00,Oh
0:00,It's time
0:03,Hold on we not we're not we're not listening to nothing under the influence
0:07,We're gonna listen to it under the influence right after okay?
0:10,Let me tell you a story time or how my dumbass went to New York and and feel so left out right so boom first things first
0:17,Chat the spies was been happening in the past few weeks. I didn't like I didn't want to go out to no clubs or nothing
0:22,Truthfully I told all my friends. I said y'all don't want to go out no way. I don't want to be around no no certain type of
0:27,"None of that right, but I say you know what? I don't know bro. It's my man Ty little birthday. You feel what I'm saying"
0:32,I said I don't know when the fuck anything happened this year. I could feel bad you feel me
0:35,I'm like know what let me go celebrate with my man Ty little you feel me we I did it
0:39,We went to the club we turned the fuck up the fucking movie you feel what I'm saying happy birthday to Ty little you feel what
0:45,I'm saying we we enjoyed it to the full of chat. I had to because I was gonna stay home game today
0:50,"I was gonna stay home, but I'm like you know what let me go. Let me go turn up. It was good seeing my friends and all that"
0:56,Like that right
0:58,chat
0:59,"That passed by I go home, right? I go home chat. No, or early in the day"
1:04,"I guess Kendrick dropped Kendrick dropped, right? And I'm like fuck I can't as it to this until I until I'm back, right?"
1:10,I already know that I want to stay here for extra day
1:14,"So I'm like, you know what you feel me? I'm gonna just react to it when I get back"
1:18,came
1:20,gang
1:22,"I yesterday you should have seen my face chat. You should have seen my face, bro"
1:26,"I recorded on my snap. I'm doing what I'm supposed to do behind the scenes, right?"
1:30,I got some fire
1:31,"I'm pinning out right behind the scenes. I'm working. I'm so occupied. I'm making sure my line is off here, right?"
1:37,Gang I fall asleep. I was so tired yesterday. I found a sleep for
1:42,"30 minutes, wake back up apparently Drake dropped"
1:46,"To the response whatever the fuck thing. So now I'm too soft behind gang. I'm panicking, bro"
1:51,"I'm panicking, bro. Literally it was so serious gang. This phantom sent me a voice note saying"
1:59,"Yo, this is Kendrick. The song that he just dropped. I stopped it"
2:03,Pause it. I texted myself. You're wrong. I can't even see your second voice now because I don't want it to spoil
2:08,I don't want to spoil shit. Look at my chat. I'm three days behind look. Let me show y'all gang
2:14,gang I've been bumping this
2:18,gang
2:19,I'm still on this song gang. I'm still hit gang. I'm still on arm. I'm still on what's the name of the song meet the grams
2:27,"I'm still on meet the grams, bro"
2:29,I'm still on meet the grams. I left off on chapter meet the grams gang
2:34,So now we about to hear this mouth
2:37,Right now words to my mother chat words to my mother. I did it amazing. I ain't gonna lie chat
2:42,I was this close to singing
2:44,I was this close to saying
2:48,"Let me just hear it now and then thing but I was so occupied and I had so much going on that I was like, you know what I can wait"
2:56,"I'm swipe yo, you're actually seeing how swift I was moving gang gang. I'm swiping out of I'm sucking out of Twitter"
3:03,I'm slipping out of Instagram everybody dropping means I'm sipping out gang. It is time now
3:09,"It's time picking off on where we left off and meet the grams, right?"
3:13,I openly said I said yo Kendrick up right now gang
3:17,Kendrick is up on meet after after the meet the grams. I said yo gang came out as up. I said yo
3:23,"I'm not gonna lie. He got the he got the edge. She got the edge, bro. Hey, I gotta"
3:30,It's so scary
3:33,It's so scary
3:43,I
4:02,I
4:04,Monster on the beat. Oh
4:06,Niko here feet. Oh man down. Call a ambulance tell him. Be bro nela nika to the cross he walk around like T
4:12,"Wait, what the f**k? Okay, no more pauses, wait, wait, what the f**k?"
4:29,I see dead people.
4:32,I'm the highest opinions only.
4:34,"Look at all that hate, hope."
4:42,"She broke Nella Nigger to the cross, she walked around like teeth."
4:44,So what's up with these f**k?
4:46,Trying to see Compton.
4:47,They hand the sh** and hate me.
4:48,F**k them all and they momma.
4:49,How many cops you really got?
4:50,How many is too many options?
4:52,I'm finna pass on this body.
4:53,I'm John Stockton.
4:55,Oh my god.
4:56,"Bitch, I'm not the bible of God watching."
4:59,Sometimes you gotta pop out and show the f**k.
5:01,"So if I buggy, man, I'm the one that up to score with him."
5:03,Walk him down the whole time.
5:04,I know he got some horn him.
5:06,Hold on him.
5:07,Extortion.
5:08,Bullied up from him.
5:09,Say Drake.
5:10,I hate you like him young.
5:11,"He been a hero, go to cell block one."
5:13,Do any bitch that talk to him and they love?
5:15,Just make sure you hide your little sister from her.
5:18,They tell me children the only one that get your hand me down.
5:20,And party at the party plan with his nose now.
5:22,And Baka got a weird case where I see her around.
5:25,"Certified lover boy, Certified pedophiles."
5:27,"Bop, bop, bop, bop, bop, bop, bop, bop, bop, bop."
5:30,I'mma do my stuff.
5:32,Why are you trolling like a f**king tiger?
5:34,Trying to strike a chord and it's probably a minor.
5:42,They're not like us.
5:43,They're not like us.
5:44,They're not like us.
5:45,They're not like us.
5:46,They're not like us.
5:47,They're not like us.
5:48,They're not like us.
5:49,They're not like us.
5:50,They're not like us.
5:51,You think the bagel let you disrespect p*****?
5:53,I think they're open sugar.
5:55,Be on that stack.
5:56,The cold foul.
5:57,I don't know why you still pretending.
5:58,What is the hour?
5:59,Birds niggas and birds.
6:00,Just go.
6:01,The hearty is not dumb.
6:03,Shape the stories how you want.
6:04,"Hey, Drake, they're not slow."
6:05,Rabbit hole is still deep.
6:06,I can go further.
6:07,I promise.
6:08,Ain't that something be resistant for bitch.
6:09,You Malibu most wanted.
6:10,Ain't no law boy.
6:11,You ball boy.
6:12,Let's get rid of some.
6:13,Just 2009.
6:14,I had this b***** jumping.
6:15,You niggas would get a wedgie.
6:16,You flipped over your boxes.
6:17,Or over your fold.
6:18,The other vaginal option.
6:19,Think about it straight.
6:20,They push.
6:21,My famous elephant contact.
6:22,Might write this for the doctor.
6:23,Tell the pop star quit hiding.
6:24,F**ker caption won't action.
6:25,No accident.
6:26,I'm hands on it.
6:27,Around get polished.
6:28,Don't wane grow like he was in jail.
6:29,That's conniving.
6:30,Then get his face tatted like a b*****.
6:32,Apologizing.
6:33,I'm where these bones came home.
6:34,Y'all didn't deserve me neither.
6:35,From a launcher down to central.
6:36,Nigga Benaspi gon serena.
6:37,And your homeboy needs a pino.
6:38,They petted the moving flocks.
6:39,That name got to be registered.
6:40,And paste on neighborhood watch.
6:41,I know you like another line of walk years.
6:42,All eyes on me.
6:43,And I'ma send it up to park eight.
6:44,Put the roll label on me.
6:45,I'ma get them drop eight.
6:46,Switching music.
6:47,And I won't pass the ox eight.
6:48,How many stocks do I really have?
6:49,Stock eight.
6:50,"One, two, three, four, five."
6:51,Plus five eight.
6:52,Never has a lie.
6:53,Here's 69.
6:54,Got eight.
6:55,Three years.
6:56,Need to s**t inside.
6:57,Eight.
6:58,Up like a fresh packer.
6:59,Side eight.
7:00,See it back up.
7:01,It's a must we outside.
7:02,Eight.
7:03,They're not like us.
7:04,They're not like us.
7:05,They're not like us.
7:06,They're not like us.
7:07,They're not like us.
7:08,They're not like us.
7:09,They're not like us.
7:10,They're not like us.
7:11,They're not like us.
7:12,They're not like us.
7:13,They're not like us.
7:14,They're not like us.
7:15,They're not like us.
7:16,They're not like us.
7:17,They're not like us.
7:18,They're not like us.
7:19,They're not like us.
7:20,They're not like us.
7:21,They're not like us.
7:22,They're not like us.
7:23,They're not like us.
7:24,They're not like us.
7:25,They're not like us.
7:26,They're not like us.
7:27,They're not like us.
7:28,"Like us, once upon a time all of us was in chains, homies still double down, calling"
7:33,"us some slaves, and Lantern was the mecha building road roads and trains, bear with me for"
7:37,a second.
7:38,Let me put y'all on game.
7:39,"The settlers were shoes in town for making rich afast for 2024, you got the same agenda."
7:44,"You run to Atlanta when you need a check balance, let me break it down for you, this is"
7:47,"the real nigga challenge, you caught a future when you didn't see the club, you know, baby"
7:52,"help you get your lingo up, but I'm 21, get your far street credit, build me to feel like"
7:56,"you're slamming your head, like what people say, you can be from Northside, but two chains"
8:01,"say you good, but Eli, you run to Atlanta when you need a few dollars, no you matter colleague"
8:06,"you're a colonizer, the family matter, hand the truth for the matter, he was God's plan"
8:11,"to show y'all the liar, hmm, hmm, he a fan, he a fan, he a fan, he a fan, he a fan,"
8:20,"he a fan, he a fan, he a freaky ass nigga, he a 69 God, freaky ass nigga, he a 69 God,"
8:26,"freaky ass nigga, he a 69 God, freaky ass nigga, he a 69 God, hey hey hey, run for your"
8:37,"your life. Hey, hey, hey, hey, hey, run for your life. Let me say OV home, say OV home,"
8:44,"this step this way, step that way, this step this way, step that way. Oh my god, oh my"
8:52,"god, he was just being fed up with cookouts. Oh my god. Oh my god. He's trying to get"
9:01,"it to play the clubs. OV home, what?"
9:31,"I'm not even crippled. I want to cripple a bro. Okay, let's be honest. Okay. Okay. Okay."
9:43,Okay. I see dead people.
9:54,I'm sorry. I'm sorry. I'm not getting affiliated. I'm so sorry. I don't know why I just did
10:05,that. I'm sorry. I'm sorry. I'm not a thug. I want to call it. I'm a good boy. I
10:11,"don't know. I'm sorry. I'm sorry, bro. I did not mean to do that. I'm not going to lie."
10:16,"That's not no meet the grams. It ain't, it ain't meet the grams. This song is more like"
10:27,"a, he pissing on it because like, you feel me? That's what I feel like it is."
10:37,"No, I would be real. I feel like he's talking with it. I feel like it's a talking song. You feel"
10:46,"me? KXD, KXD, KXD, KXD. Bro, Nella, nigga, to the cross. He walk around like"
10:53,"T. So, what's up with these? Your pony ass, niggas trying to see Compton. They hand"
10:56,"the shrieking, hey, fuck them all in. How many I've she really got? How many is too many"
11:00,"options? I'm finna pass on this body. I'm John Stockton. Oh, my God. Beat your ass and"
11:06,"hot the Bible with God watching. Oh, my God. You got to pop out and show niggas."
11:10,"So if I buggy, man, I'm the one that up to school with him. Walking down the whole time."
11:14,I know he got some horn him. Pull on him. Extort him. Bullied the floor on him. Say Drake.
11:18,I hear you like I'm young. You better not have a go to sell black one. Do any bitch that
11:23,talk to him and they love? Just make sure you hide your little sister from him. They tell
11:27,me Chubs the only one that get your hemmy down. And party at the party plan with his nose
11:31,"now. And Baka got a weird case where I see around. So the five lover boys, so the five"
11:36,pedophiles. That come up. I'm gonna do my stuff. Why are you trolling like a bitch?
11:43,Aren't you tired? Trying to strike a chord and it's probably a minor.
11:58,They're not like us. They're not like us. They're not like us. They're not like us.
12:04,They're not like us. They're not like us. You think the people let you disrespect
12:08,pop niggas? I think they're open. So go be on that stack niggas. They cold foul. I don't
12:13,know why you're still pretending. What is the outburst of niggas and birds? Go. The
12:17,hunting is not dumb. Shape the story.
12:23,"Niggas, is this the logos? Hold on. Let me open up my citizens app and go to the"
12:28,Bronx real quick. I'm gonna get I'm gonna good. I'm in a good neighborhood real quick.
12:32,If this is the citizens app.
12:38,Hold on. Let me go back to the hood real quick. Hold on chat. Oh my God. It is
12:42,right. Am I bugging? Oh my God. Oh my God.
13:12,And I did I do not know why. I don't know why. I just couldn't. I just couldn't. I just could.
13:19,I just could not. And I just couldn't. And I just couldn't. And I just couldn't. I just couldn't.
13:26,And I just couldn't do anything. My right. This was a dot. You tell a pop star quit hiding.
13:30,Fuck a caption won't action. No accident. Nothing hands on. Get the fuck out of this. Don't
13:36,Lil Wayne. Girl Drake. The Lil Wayne girl. No. Drake took Lil Wayne girl while he was
13:50,but what? There's a part in the book where you say that he came in and told you that he
13:55,"smashed one of your hair. I wouldn't worry about that. You know, I would just, you know,"
14:01,"I just, I like go when you locked up. Yeah. Yeah, no. Oh my god. Yeah, no. What? I'm"
14:20,"going to cut your ass, brother. Hey, brother. I was going to cut your ass. But he said,"
14:35,"this is a Christian rap instead. I'm gonna, I'm gonna give you an amen and go about my"
14:39,day. All right. I'm gonna give you an amen. All right.
14:42,I'm glad you rose came home. Y'all didn't deserve a neither. From a larger down to central
14:49,Nicarbonne. I speak on Serena in your home. I need Serena. They're better than moving
14:52,flags. That name got to be registered in place. Don't never watch. I lean on you niggas
14:56,"like another line. It's like the beat just made me wanna. You've, I don't know what"
15:02,it is. No walk years. All eyes on me. And I'ma send it up to part 8. Put the roll label
15:07,on me. I'ma get them drop 8. Switching music. And I won't pass the ox 8. How many stocks
15:12,"do I really have a stock 8? 1, 2, 3, 4, 5 plus 5? 8. Double as a lie here. 69.8. 3 years."
15:19,Niggas need to stay there. Some side. 8. Roll their ass up. Like a fresh pack of
15:23,zon. 8. City is back up. It's a must. We outside. 8. They're not like us. They're not
15:33,like us. They're not like us. They're not like us. They're not like us. They're not like
15:39,"us. What's up on a time? All of us was in chains. All we still double down, call it"
15:44,nothing slaves. And Lantern was the mecca building. Ruff rolls and trains. Bear with me for
15:47,a second. Let me put y'all on game. The settlers were shooting town. Make them rich
15:51,afast for 2024. You got the same agenda. You run to Atlanta when you need to check
15:56,balance. Let me break it down for you. This is the real never challenge. You caught
16:00,a future when you didn't see the club. Like a white little baby. Help you get your
16:03,lingo off. What 21? Get your first street cred. Felt that you feel like you're
16:07,a slime in your head. Like what Crabble said. You can be from Northside. What two
16:11,"chains say you good, buddy? Like you run to Atlanta when you need a few"
16:15,"dollars. No, you matter colleague. You're a colonizer. The family matter"
16:19,hand the truth for the matter. He was a guy's plan to show y'all the liar.
16:27,He a fan. He a fan. He a fan. He a fan. He a fan. He a fan. He a
16:31,"freaky. Yeah, nigga. He a 69. God freaky. Yeah, nigga. He a 69. God. Yeah, 69. God."
16:39,"Yo, Drake. This next trigger that I hear from you, bro. You got a front. You got"
16:43,"like I'm telling you. This is going on the path running. I got a job, bro."
16:47,"Hey, hey, hey, hey, run for your life. Hey, hey, hey, run for your life. Freaky."
16:52,"Yeah, nigga. He a 69. God freaky. Yeah, nigga. He a 69. God. Hey, hey, hey, hey,"
16:58,"run for your life. Hey, hey, hey, hey, run for your life. Say OV home."
17:02,OV home. Say OV home. OV home. This step this way.
17:07,Step that way. This step this way. Step that way. Are you my friend? Are we
17:13,like in this step this way? Step that way. This step this way. Step that way.
17:24,"Hold me. Hold me. Okay, let's be honest here. Unbiased situation. You know,"
17:33,"I've been playing this whole series. Unbiased as like as much as possible, bro."
17:38,This follow up after me. The grand's correct.
17:44,Correct.
17:47,"Bro, truthfully me telling the truth, bro."
17:51,"K-dot is sliding right now, bro. He's wiling. I don't know who put..."
17:55,"I don't know like he's wiling, gang. He's wiling, bro. I'm going to keep it a"
18:00,"whole... I'm going to keep it a whole stack with you, bro. He's bogging, bro."
18:07,But look though. Now here's the thing. Here's okay. Now here is the thing
18:13,that I may say and cut me from wrong before we enter into this... into the next... the... the son of that
18:20,"Drake, um, drop, right? Are we going to act like Niggas ain't talking about the Niggas having"
18:26,"a daughter on the last... let's talk about it. Hold on. No, no, no. Okay, are we going to"
18:30,from both sides? I need evidence of the abuse in... and I need evidence on the daughter... and I need evidence on...
18:42,"um, the... the kid... the loving the kid. So it's the audience is the Niggas online keeping Niggas"
18:50,accountable. Are you guys holding Niggas accountable? Are you guys minding some points for random
18:55,"shit being said? Yes or no? Are you guys minding some points for random shit being said? Oh,"
19:00,"go on to Drake, say no more. Just say no more. Say no more. Say no more. Okay, all right. Don't"
19:05,"got me tell me twice. Let's get into this next one. Drake, what do you have to say? Drake, fight!"
19:12,"Drake, fight! Fight!"
19:20,"Wait, this was 30 minutes after the song came out. What is this?"
19:25,What was 30 minutes after the song came out?
19:55,"Okay, we're going to get back to this real quick."
00:00,What's up?,
00:01,Are you like crazy nicky?,
00:02,Are you like crazy nicky?,
00:03,We're-,
00:03,Uper s-,
00:04,Are you like crazy nicky?,
00:05,"Yeah, we're not.",
00:06,No.,
00:06,Somebody lick it.,
00:07,Somebody lick it.,
00:08,Nah nah nah nah nah nah nah nah nah nah nah.,
00:10,Yo lick it lick it chat.,
00:11,lick it.,
00:11,Nah you lover s-,
00:12,He's lick it lovers.,
00:13,No.,
00:14,It's okay.,
00:15,You don't want to alone.,
00:16,But you love us though.,
00:18,Yeah.,
00:18,Okay.,
00:19,But first of all Yani is all in my business.,
00:21,Yes.,
00:22,That's it.,
00:22,That's it.,
00:23,You're going to say it was.,
00:24,You're going to say it was.,
00:25,That's the most vulnerable I ever said.,
00:26,KC Blank you yourself.,
00:27,That's it.,
00:28,"Yeah, I didn't go a lot chat on this trip like",
00:32,You got a soft side bro,
00:44,"All right, yo get somebody link it bro, so we go watch the shit away. All right, right Mikey",
00:51,Why do you find it?,
00:53,I had a good answer,
00:56,I feel like me like a miss it. I don't I don't consider any of my friends. I don't miss that. That's my family,
01:08,But I thank,
01:19,I feel like,
01:23,We just went on was like there was a lot more quality time,
01:26,Who's with each other like,
01:36,"Actually, no is that they was telling each other. We they will tell each other that",
01:54,I'm blessed to have a real genuine,
02:04,Put me on bad right it is what y'all,
02:12,Blast it's a clip of you,
02:24,"You said oh, yo shit",
02:35,But y'all was doing today. I would you did today,
02:38,Why you always act weird when I ask you what you did today,
02:42,It's not what you say is how you say it. I like like what y'all is on it. I don't,
02:48,Like a house today,
02:51,What y'all was on it's better than what you do today. All right. What you do today?,
02:59,What you been up to,
03:02,"Oh, I'm gonna show you what you were talking about today. Yeah, yeah, yeah, yeah, yeah, yeah, you're on the sunset",
03:12,Let's do today,
03:14,I'll do the all day all day all day. What you do what you do today?,
03:30,No,
03:45,Why cooking with Chris,
03:51,"It's not going well, but I know it's a building step. It's a stepping stone. We cook today. Make it how you say cuz you cook I",
03:57,Didn't go well. Oh,
04:01,There's no kitchen here,
04:08,What you do today,
04:15,Got down reactor there's a circus in his earlier. You took your rice,
04:21,"No, that's good though. That's like a life's right",
04:31,You burnt rice,
04:45,Oh,
04:48,It's like a burnt rice,
04:58,You can't you can't burn it really,
05:01,"Yo, and we got",
05:06,And I actually go great,
05:08,I ain't got a lot of chat we got mad,
05:14,What are you saying I don't know what he's saying. What are you saying?,
05:22,"Yo, just chill. Yeah",
05:25,Think I want me 23 is that,
05:30,Damn bitch 23 is good,
05:36,First of all I want to say more of those Louie temp's,
05:44,Let me see,
06:04,Oh,
06:15,I'm not I'm not,
06:24,"No, listen",
06:28,I'm doing this barefoot,
06:37,All in unison like the power range with feet is crazy if you look at,
06:44,He's over thinking it right,
06:54,This is the first time we know Davis is not here,
07:00,Always abandoned in this,
07:02,Fuck Davis,
07:04,"No, I'm chill now",
07:06,They still go to the clip there,
07:12,He been he been doing music,
07:15,"Where are you at first time here bro? Oh, it's about face-on",
07:23,"Oh, you have one loud you have one loud show us show us",
07:28,Oh,
07:33,Why you,
07:39,Why are you referring to us like that?,
07:45,Where are you going then?,
07:51,Are you asking for it?,
07:53,He would have told us,
07:55,"He's happy he would have told us he was happy with a sense of it. Oh my gosh. Yo, yeah",
08:05,It's like,
08:17,He ate four boxes out too,
08:20,"No, I'm trying to make sure it was all the spicy so I know",
08:28,One box of ox hill it was spicy oh,
08:36,And again and again and I found out that it was spicy,
08:43,I had,
08:49,I,
08:59,What the fuck do you mean oh,
09:05,That I say crazy,
09:19,I,
09:25,Have a palm,
09:31,"No, like a tattoo hand",
09:35,Michael Jordan,
09:41,Coming,
09:49,I,
09:57,Can,
09:59,Carter,
10:07,I a by going around in the building to you,
10:13,Okay,
10:19,I got,
10:21,"Okay, I'm okay and Carter okay",
10:25,"No, he",
10:31,"Okay, Jeff Bezos okay, and from avatar okay?",
10:37,"Okay, I have a Jordan okay, okay",
10:39,Okay,
10:47,Keep going,
10:49,"No, you just want you I was last I don't have your players was that beat that you had I think you took a picture of it just",
10:57,Okay,
10:59,Dude,
11:05,And be a player do not stop though I bet okay,
11:19,The broad James,
11:21,Dad right,
11:23,Jason Cappona,
11:25,The way,
11:27,Kevin Durán,
11:29,Steph Curry,
11:31,Jason third yeah,
11:33,Jamaria Moon,
11:35,Ego dollar,
11:37,Mr. Brosk,
11:39,I have a say,
11:41,Ronnie James,
11:43,Nate Robinson,
11:45,Ronaldo says,
11:47,Kevin Gardett,
11:49,Tim Duncan,
11:51,How's it called wrong,
11:53,You don't know,
11:55,Steve Nash,
11:57,S.E.A,
11:59,Prince Boss,
12:01,J.G. Barayah,
12:03,Chris Paul,
12:05,Metal Anthony,
12:07,Carrier,
12:17,I said Tim Duncan,
12:19,What's the odds though?,
12:21,And then there was four and then there was four and then there was four,
12:25,"All right, I love me",
12:27,"I do it recess, recess",
12:29,It's a complete recess,
12:31,We're gonna say it,
12:33,"Okay, yeah",
12:41,My restart of my,
12:43,New,
12:44,Ray Allen,
12:46,Steve Nash,
12:48,Michael Jordan,
12:50,Janobili,
12:52,D-Wake,
12:54,Barbosa,
12:55,Cody Bryant,
12:57,Damn Chris Bosch,
12:59,Sean Everston,
13:01,Bradley Field,
13:03,John Paul,
13:05,John Paul,
13:07,John Paul,
13:09,John Paul,
13:11,John Paul,
13:13,John Paul,
13:15,John Paul,
13:17,And then there was three,
13:19,"Okay, move it Chris",
13:21,Yo,
13:23,Here we go Chad,
13:25,Who going for a new one?,
13:27,I'm just gonna go for a new one,
13:29,I'm just gonna go for a new one,
13:31,Carrier over,
13:33,Sam Duncan,
13:35,Blake Griffin,
13:37,Ego Dallas,
13:39,Tyler Iverson,
13:41,Tim Duncan,
13:43,Janobili,
13:45,Gary Payne,
13:47,Barbosa,
13:49,C-D-3,
13:51,Clark Drenson,
13:53,Maggie Berger,
13:55,Stephanie Maher,
13:57,Naomi Wilkins,
13:59,Carrier,
14:01,You said it before,
14:03,"No, I didn't",
14:05,You said it,
14:07,You still ain't no Carrier,
14:09,Fuck,
14:10,Okay,
14:11,"Okay, Christian Duke",
14:13,That's it,
14:17,Damn,
14:19,You got those cereals,
14:21,You ready Chris?,
14:23,Yeah,
14:25,Scarlett Pimper,
14:27,LeBond James,
14:29,Dorangaway,
14:31,Michael Jordan,
14:33,Carrier over,
14:35,John Staubton,
14:36,Where is it?,
14:38,What's that?,
14:39,What?,
14:41,That's what's that?,
14:42,Oh!,
14:43,"No, who is that?",
14:43,What did he say?,
14:44,"Look at it, look at it, look at it.",
14:46,This is what he's doing tomorrow.,
14:48,Look at it!,
14:49,It's tomorrow.,
14:50,Tomorrow.,
14:51,Tomorrow.,
14:52,Tomorrow.,
14:53,Tomorrow.,
14:54,Tomorrow.,
14:55,Spill it.,
14:56,R.O. in the heart.,
14:57,He said tomorrow.,
14:58,"No, I said tomorrow.",
14:59,I said tomorrow.,
15:00,What the fuck is it?,
15:01,Tomorrow.,
15:02,Tomorrow.,
15:03,Tomorrow.,
15:04,Tomorrow.,
15:05,"Wait, what is that?",
15:07,"Wait, two runners, everything.",
15:09,"Everything's six points, bro.",
15:10,"Wait, what?",
15:11,"Who's the, you know, we're MJ and then, bro, come on, bro.",
15:14,He's nice?,
15:14,"Neatz, bro, you know that he said to Burr.",
15:16,"Nah, yeah.",
15:18,He's 16.,
15:19,He said to Burr.,
15:21,He might be a touch.,
15:22,"Yeah, that'd be six.",
15:23,Chris knows Bob.,
15:24,"Yeah, that'd be Chris knows Bob.",
15:26,"Chris knows Bob, bro.",
15:28,Chris knows Bob.,
15:29,Is that gonna go get?,
15:29,"Yeah, come on, right there, see.",
15:31,"Alright, babe.",
15:32,You wanna start?,
15:34,"Yeah, I go ahead.",
15:35,I'm gonna wait for him.,
15:37,"Wait, wait, wait, wait, wait for him, bro.",
15:41,"Any day, this coming, bro.",
15:45,"Yeah, oh, I gotta say Jeff Hardy.",
15:49,"Oh, my God.",
15:50,"Oh, my God.",
15:51,I gotta say Jeff Hardy.,
15:52,I'm thinking about it.,
15:53,No difference.,
15:54,You gotta say Jeff.,
15:55,"Oh, my God.",
15:56,"I gotta say Jeff Hardy, bro.",
15:57,Jeff Hardy.,
15:58,I'm gonna fall.,
15:59,I need to say Jeff Bezos.,
16:00,I can't get Jeff Hardy.,
16:01,Yeah.,
16:02,I'm gonna fall.,
16:03,Yeah.,
16:04,"Mickey Knows Boa, check.",
16:05,"Hey, listen, man, I'm proud of you, bro.",
16:07,"Happy for you, my dog.",
16:09,"We there, 12 and shit.",
16:11,"Yeah, bro.",
16:12,"Now, man, got the 1942, you near, say.",
16:15,"I can't wait in the middle, you know what I'm saying.",
16:17,"What off, man, I can't wait.",
16:18,She better.,
16:19,Yeah.,
16:20,"Yeah, cause it's one time bomb.",
16:21,His inner arm.,
16:22,"That's it, I was one time bomb.",
16:23,I was saying.,
16:24,"Nah, we locked them down, yeah.",
16:27,No cap.,
16:28,W.,
16:29,Ain't anybody else coming from target?,
16:30,You all ready to flip?,
16:31,"Well, yeah.",
16:32,For the last wait?,
16:33,Okay.,
16:34,What's going on with me?,
16:36,Yeah.,
16:37,What is it?,
16:38,What's that old jeep?,
16:39,Leave it.,
16:40,Leave it.,
16:41,What?,
16:42,What the fuck?,
16:43,That she's not dead.,
16:50,That was crazy.,
16:53,That's what I meant.,
16:56,What the fuck?,
16:57,"No, come here.",
16:58,I ain't allowed this word.,
17:00,You see what we just asked?,
17:01,Yeah.,
17:02,Oh my God.,
17:03,How you know crazy,
17:33,"For you oh, yeah, hey look, I know hey that single life treacherous, but it ain't meaning like I'm good",
17:41,"I ain't allowed nigga. I get to go home sleep with somebody I get to wake up eat with somebody I get to you know me, but oh",
17:50,The great power comes responsibility,
17:52,"All right, check let's get it to it, man. We got a lot of out of us",
18:12,"Hey, that nigga definitely got a girl",
18:15,Ain't this nigga not fooling nobody,
